Sheldon:Finance:Sheldon@example.com
Sophia:Finance:Sophia@example.com
Miriam:Finance:Miriam@example.com
Roman:Finance:Roman@example.com
Reginald:Finance:Reginald@example.com
Aubrey:Finance:Aubrey@example.com
Sherri:Finance:Sherri@example.com
Gilberto:Finance:Gilberto@example.com
Wilfred:Finance:Wilfred@example.com
Louis:Finance:Louis@example.com
Melvin:Finance:Melvin@example.com
Kristin:Finance:Kristin@example.com
Olive:Finance:Olive@example.com
Marco:Finance:Marco@example.com
Fredrick:Finance:Fredrick@example.com
Rafael:Finance:Rafael@example.com
Tanya:Finance:Tanya@example.com
Wade:Finance:Wade@example.com
Theodore:Finance:Theodore@example.com
Hattie:Finance:Hattie@example.com
Darryl:Operations:Darryl@example.com
Jerry:Operations:Jerry@example.com
Georgia:Operations:Georgia@example.com
Jerome:Operations:Jerome@example.com
Mercedes:Operations:Mercedes@example.com
Lucas:Operations:Lucas@example.com
Adrienne:Operations:Adrienne@example.com
Angel:Operations:Angel@example.com
Madeline:Operations:Madeline@example.com
Katrina:Operations:Katrina@example.com
Jessie:Operations:Jessie@example.com
Miguel:Operations:Miguel@example.com
Derek:Operations:Derek@example.com
Ana:Operations:Ana@example.com
Bradley:Operations:Bradley@example.com
Geoffrey:Operations:Geoffrey@example.com
Nichole:Operations:Nichole@example.com
Wendell:Operations:Wendell@example.com
Troy:Operations:Troy@example.com
Yvonne:Operations:Yvonne@example.com
Esther:Information Technology:Esther@example.com
Christine:Information Technology:Christine@example.com
Misty:Information Technology:Misty@example.com
Bryant:Information Technology:Bryant@example.com
Tomas:Information Technology:Tomas@example.com
Dwayne:Information Technology:Dwayne@example.com
Jenny:Information Technology:Jenny@example.com
Terry:Information Technology:Terry@example.com
Lynn:Information Technology:Lynn@example.com
Crystal:Information Technology:Crystal@example.com
Rodolfo:Information Technology:Rodolfo@example.com
Pete:Information Technology:Pete@example.com
Lorena:Information Technology:Lorena@example.com
Donnie:Information Technology:Donnie@example.com
Eugene:Information Technology:Eugene@example.com
Lindsay:Information Technology:Lindsay@example.com
Melody:Information Technology:Melody@example.com
Fred:Information Technology:Fred@example.com
Carla:Information Technology:Carla@example.com
Sheri:Information Technology:Sheri@example.com
Kristy:Human Resources:Kristy@example.com
Edwin:Human Resources:Edwin@example.com
Keith:Human Resources:Keith@example.com
Mario:Human Resources:Mario@example.com
Abraham:Human Resources:Abraham@example.com
Tracy:Human Resources:Tracy@example.com
Annie:Human Resources:Annie@example.com
Connie:Human Resources:Connie@example.com
Camille:Human Resources:Camille@example.com
Cameron:Human Resources:Cameron@example.com
Brandon:Human Resources:Brandon@example.com
Cheryl:Human Resources:Cheryl@example.com
Genevieve:Human Resources:Genevieve@example.com
Lela:Human Resources:Lela@example.com
Janis:Human Resources:Janis@example.com
Martin:Human Resources:Martin@example.com
Daryl:Human Resources:Daryl@example.com
Patty:Human Resources:Patty@example.com
Mark:Human Resources:Mark@example.com
Cody:Human Resources:Cody@example.com
Elsa:Executive:Elsa@example.com
Shaun:Executive:Shaun@example.com
Emmett:Executive:Emmett@example.com
Jerald:Executive:Jerald@example.com
William:Executive:William@example.com
Lynette:Executive:Lynette@example.com
Alfredo:Executive:Alfredo@example.com
Angie:Executive:Angie@example.com
Sherry:Executive:Sherry@example.com
Luther:Executive:Luther@example.com
Hector:Executive:Hector@example.com
Monique:Executive:Monique@example.com
Loretta:Executive:Loretta@example.com
Christy:Executive:Christy@example.com
Loren:Executive:Loren@example.com
Megan:Executive:Megan@example.com
Patti:Executive:Patti@example.com
Lola:Executive:Lola@example.com
Ray:Executive:Ray@example.com
Erica:Executive:Erica@example.com
